Quarter,Type,الربع السنوي,Description,الوصف,Year,Value,Title,العنوان,Quarter_Number,النوع,sort_id
First Quarter,Units,First Quarter,Value,قيمة,2026,85008984976,Sales,المبايعات,1,وحده,1
First Quarter,Units,First Quarter,Number,عدد,2026,38524,Sales,المبايعات,1,وحده,2
First Quarter,Building,First Quarter,Value,قيمة,2026,3597832936,Sales,المبايعات,1,مبنى,3
First Quarter,Building,First Quarter,Number,عدد,2026,117,Sales,المبايعات,1,مبنى,4
First Quarter,Land,First Quarter,Value,قيمة,2026,61282752869,Sales,المبايعات,1,أرض,5
First Quarter,Land,First Quarter,Number,عدد,2026,3798,Sales,المبايعات,1,أرض,6
First Quarter,Villa,First Quarter,Value,قيمة,2026,26478955434,Sales,المبايعات,1,فيلا,7
First Quarter,Villa,First Quarter,Number,عدد,2026,5548,Sales,المبايعات,1,فيلا,8
First Quarter,Units,First Quarter,Value,قيمة,2026,10471845517,Mortgages,الرهون,1,وحده,9
First Quarter,Units,First Quarter,Number,عدد,2026,6067,Mortgages,الرهون,1,وحده,10
First Quarter,Building,First Quarter,Value,قيمة,2026,13338055646,Mortgages,الرهون,1,مبنى,11
First Quarter,Building,First Quarter,Number,عدد,2026,125,Mortgages,الرهون,1,مبنى,12
First Quarter,Land,First Quarter,Value,قيمة,2026,26810360867,Mortgages,الرهون,1,أرض,13
First Quarter,Land,First Quarter,Number,عدد,2026,1769,Mortgages,الرهون,1,أرض,14
First Quarter,Villa,First Quarter,Value,قيمة,2026,9274922994,Mortgages,الرهون,1,فيلا,15
First Quarter,Villa,First Quarter,Number,عدد,2026,2229,Mortgages,الرهون,1,فيلا,16
First Quarter,Units,First Quarter,Value,قيمة,2026,5952273315,Other,أخرى,1,وحده,17
First Quarter,Units,First Quarter,Number,عدد,2026,1594,Other,أخرى,1,وحده,18
First Quarter,Building,First Quarter,Value,قيمة,2026,2346395984,Other,أخرى,1,مبنى,19
First Quarter,Building,First Quarter,Number,عدد,2026,38,Other,أخرى,1,مبنى,20
First Quarter,Land,First Quarter,Value,قيمة,2026,5051957853,Other,أخرى,1,أرض,21
First Quarter,Land,First Quarter,Number,عدد,2026,196,Other,أخرى,1,أرض,22
First Quarter,Villa,First Quarter,Value,قيمة,2026,2117998288,Other,أخرى,1,فيلا,23
First Quarter,Villa,First Quarter,Number,عدد,2026,235,Other,أخرى,1,فيلا,24
First Quarter,Units,First Quarter,Value,قيمة,2025,65790041295,Sales,المبايعات,1,وحده,25
First Quarter,Units,First Quarter,Number,عدد,2025,34165,Sales,المبايعات,1,وحده,26
First Quarter,Building,First Quarter,Value,قيمة,2025,4902861709,Sales,المبايعات,1,مبنى,27
First Quarter,Building,First Quarter,Number,عدد,2025,147,Sales,المبايعات,1,مبنى,28
First Quarter,Land,First Quarter,Value,قيمة,2025,47459499137,Sales,المبايعات,1,أرض,29
First Quarter,Land,First Quarter,Number,عدد,2025,8208,Sales,المبايعات,1,أرض,30
First Quarter,Villa,First Quarter,Value,قيمة,2025,24568412092,Sales,المبايعات,1,فيلا,31
First Quarter,Villa,First Quarter,Number,عدد,2025,5189,Sales,المبايعات,1,فيلا,32
First Quarter,Units,First Quarter,Value,قيمة,2025,9340964865,Mortgages,الرهون,1,وحده,33
First Quarter,Units,First Quarter,Number,عدد,2025,5381,Mortgages,الرهون,1,وحده,34
First Quarter,Building,First Quarter,Value,قيمة,2025,5646278591,Mortgages,الرهون,1,مبنى,35
First Quarter,Building,First Quarter,Number,عدد,2025,140,Mortgages,الرهون,1,مبنى,36
First Quarter,Land,First Quarter,Value,قيمة,2025,17357945800,Mortgages,الرهون,1,أرض,37
First Quarter,Land,First Quarter,Number,عدد,2025,1681,Mortgages,الرهون,1,أرض,38
First Quarter,Villa,First Quarter,Value,قيمة,2025,8678489569,Mortgages,الرهون,1,فيلا,39
First Quarter,Villa,First Quarter,Number,عدد,2025,2086,Mortgages,الرهون,1,فيلا,40
First Quarter,Units,First Quarter,Value,قيمة,2025,2927232520,Other,أخرى,1,وحده,41
First Quarter,Units,First Quarter,Number,عدد,2025,1515,Other,أخرى,1,وحده,42
First Quarter,Building,First Quarter,Value,قيمة,2025,1126988063,Other,أخرى,1,مبنى,43
First Quarter,Building,First Quarter,Number,عدد,2025,47,Other,أخرى,1,مبنى,44
First Quarter,Land,First Quarter,Value,قيمة,2025,3494202941,Other,أخرى,1,أرض,45
First Quarter,Land,First Quarter,Number,عدد,2025,171,Other,أخرى,1,أرض,46
First Quarter,Villa,First Quarter,Value,قيمة,2025,2070239377,Other,أخرى,1,فيلا,47
First Quarter,Villa,First Quarter,Number,عدد,2025,300,Other,أخرى,1,فيلا,48
Second Quarter,Units,Second Quarter,Value,قيمة,2025,85441451273,Sales,المبايعات,2,وحده,49
Second Quarter,Units,Second Quarter,Number,عدد,2025,41863,Sales,المبايعات,2,وحده,50
Second Quarter,Building,Second Quarter,Value,قيمة,2025,5762256045,Sales,المبايعات,2,مبنى,51
Second Quarter,Building,Second Quarter,Number,عدد,2025,136,Sales,المبايعات,2,مبنى,52
Second Quarter,Land,Second Quarter,Value,قيمة,2025,72257051524,Sales,المبايعات,2,أرض,53
Second Quarter,Land,Second Quarter,Number,عدد,2025,7535,Sales,المبايعات,2,أرض,54
Second Quarter,Villa,Second Quarter,Value,قيمة,2025,20819242157,Sales,المبايعات,2,فيلا,55
Second Quarter,Villa,Second Quarter,Number,عدد,2025,3710,Sales,المبايعات,2,فيلا,56
Second Quarter,Units,Second Quarter,Value,قيمة,2025,9218684100,Mortgages,الرهون,2,وحده,57
Second Quarter,Units,Second Quarter,Number,عدد,2025,6618,Mortgages,الرهون,2,وحده,58
Second Quarter,Building,Second Quarter,Value,قيمة,2025,7225022504,Mortgages,الرهون,2,مبنى,59
Second Quarter,Building,Second Quarter,Number,عدد,2025,127,Mortgages,الرهون,2,مبنى,60
Second Quarter,Land,Second Quarter,Value,قيمة,2025,16937115373,Mortgages,الرهون,2,أرض,61
Second Quarter,Land,Second Quarter,Number,عدد,2025,1830,Mortgages,الرهون,2,أرض,62
Second Quarter,Villa,Second Quarter,Value,قيمة,2025,8879655981,Mortgages,الرهون,2,فيلا,63
Second Quarter,Villa,Second Quarter,Number,عدد,2025,2433,Mortgages,الرهون,2,فيلا,64
Second Quarter,Units,Second Quarter,Value,قيمة,2025,4296338346,Other,أخرى,2,وحده,65
Second Quarter,Units,Second Quarter,Number,عدد,2025,2013,Other,أخرى,2,وحده,66
Second Quarter,Building,Second Quarter,Value,قيمة,2025,1164579151,Other,أخرى,2,مبنى,67
Second Quarter,Building,Second Quarter,Number,عدد,2025,41,Other,أخرى,2,مبنى,68
Second Quarter,Land,Second Quarter,Value,قيمة,2025,3708107625,Other,أخرى,2,أرض,69
Second Quarter,Land,Second Quarter,Number,عدد,2025,182,Other,أخرى,2,أرض,70
Second Quarter,Villa,Second Quarter,Value,قيمة,2025,2587701482,Other,أخرى,2,فيلا,71
Second Quarter,Villa,Second Quarter,Number,عدد,2025,347,Other,أخرى,2,فيلا,72
Fourth Quarter,Units,Fourth Quarter,Value,قيمة,2025,97438968845,Sales,المبايعات,4,وحده,73
Fourth Quarter,Units,Fourth Quarter,Number,عدد,2025,49233,Sales,المبايعات,4,وحده,74
Fourth Quarter,Building,Fourth Quarter,Value,قيمة,2025,6196636634,Sales,المبايعات,4,مبنى,75
Fourth Quarter,Building,Fourth Quarter,Number,عدد,2025,157,Sales,المبايعات,4,مبنى,76
Fourth Quarter,Land,Fourth Quarter,Value,قيمة,2025,57276332177,Sales,المبايعات,4,أرض,77
Fourth Quarter,Land,Fourth Quarter,Number,عدد,2025,3155,Sales,المبايعات,4,أرض,78
Fourth Quarter,Villa,Fourth Quarter,Value,قيمة,2025,24425760006,Sales,المبايعات,4,فيلا,79
Fourth Quarter,Villa,Fourth Quarter,Number,عدد,2025,4855,Sales,المبايعات,4,فيلا,80
Fourth Quarter,Units,Fourth Quarter,Value,قيمة,2025,9064808498,Mortgages,الرهون,4,وحده,81
Fourth Quarter,Units,Fourth Quarter,Number,عدد,2025,6612,Mortgages,الرهون,4,وحده,82
Fourth Quarter,Building,Fourth Quarter,Value,قيمة,2025,10793185283,Mortgages,الرهون,4,مبنى,83
Fourth Quarter,Building,Fourth Quarter,Number,عدد,2025,153,Mortgages,الرهون,4,مبنى,84
Fourth Quarter,Land,Fourth Quarter,Value,قيمة,2025,17668061064,Mortgages,الرهون,4,أرض,85
Fourth Quarter,Land,Fourth Quarter,Number,عدد,2025,1847,Mortgages,الرهون,4,أرض,86
Fourth Quarter,Villa,Fourth Quarter,Value,قيمة,2025,10130256871,Mortgages,الرهون,4,فيلا,87
Fourth Quarter,Villa,Fourth Quarter,Number,عدد,2025,2688,Mortgages,الرهون,4,فيلا,88
Fourth Quarter,Units,Fourth Quarter,Value,قيمة,2025,4052893526,Other,أخرى,4,وحده,89
Fourth Quarter,Units,Fourth Quarter,Number,عدد,2025,1800,Other,أخرى,4,وحده,90
Fourth Quarter,Building,Fourth Quarter,Value,قيمة,2025,4548206729,Other,أخرى,4,مبنى,91
Fourth Quarter,Building,Fourth Quarter,Number,عدد,2025,107,Other,أخرى,4,مبنى,92
Fourth Quarter,Land,Fourth Quarter,Value,قيمة,2025,5691759766,Other,أخرى,4,أرض,93
Fourth Quarter,Land,Fourth Quarter,Number,عدد,2025,271,Other,أخرى,4,أرض,94
Fourth Quarter,Villa,Fourth Quarter,Value,قيمة,2025,2491501683,Other,أخرى,4,فيلا,95
Fourth Quarter,Villa,Fourth Quarter,Number,عدد,2025,317,Other,أخرى,4,فيلا,96
First Quarter,Units,First Quarter,Value,قيمة,2023,46800636671,Sales,المبايعات,1,وحده,97
First Quarter,Units,First Quarter,Number,عدد,2023,23852,Sales,المبايعات,1,وحده,98
First Quarter,Building,First Quarter,Value,قيمة,2023,3000746443,Sales,المبايعات,1,مبنى,99
First Quarter,Building,First Quarter,Number,عدد,2023,132,Sales,المبايعات,1,مبنى,100
First Quarter,Land,First Quarter,Value,قيمة,2023,23973819456,Sales,المبايعات,1,أرض,101
First Quarter,Land,First Quarter,Number,عدد,2023,2978,Sales,المبايعات,1,أرض,102
First Quarter,Villa,First Quarter,Value,قيمة,2023,15281416266,Sales,المبايعات,1,فيلا,103
First Quarter,Villa,First Quarter,Number,عدد,2023,3990,Sales,المبايعات,1,فيلا,104
First Quarter,Units,First Quarter,Value,قيمة,2023,4922538900,Mortgages,الرهون,1,وحده,105
First Quarter,Units,First Quarter,Number,عدد,2023,2619,Mortgages,الرهون,1,وحده,106
First Quarter,Building,First Quarter,Value,قيمة,2023,8181660556,Mortgages,الرهون,1,مبنى,107
First Quarter,Building,First Quarter,Number,عدد,2023,135,Mortgages,الرهون,1,مبنى,108
First Quarter,Land,First Quarter,Value,قيمة,2023,41710409193,Mortgages,الرهون,1,أرض,109
First Quarter,Land,First Quarter,Number,عدد,2023,1021,Mortgages,الرهون,1,أرض,110
First Quarter,Villa,First Quarter,Value,قيمة,2023,4337326244,Mortgages,الرهون,1,فيلا,111
First Quarter,Villa,First Quarter,Number,عدد,2023,1485,Mortgages,الرهون,1,فيلا,112
First Quarter,Units,First Quarter,Value,قيمة,2023,2336779434,Other,أخرى,1,وحده,113
First Quarter,Units,First Quarter,Number,عدد,2023,2090,Other,أخرى,1,وحده,114
First Quarter,Building,First Quarter,Value,قيمة,2023,2752446118,Other,أخرى,1,مبنى,115
First Quarter,Building,First Quarter,Number,عدد,2023,66,Other,أخرى,1,مبنى,116
First Quarter,Land,First Quarter,Value,قيمة,2023,1884351993,Other,أخرى,1,أرض,117
First Quarter,Land,First Quarter,Number,عدد,2023,150,Other,أخرى,1,أرض,118
First Quarter,Villa,First Quarter,Value,قيمة,2023,1797242285,Other,أخرى,1,فيلا,119
First Quarter,Villa,First Quarter,Number,عدد,2023,203,Other,أخرى,1,فيلا,120
Second Quarter,Units,Second Quarter,Value,قيمة,2023,49012972300,Sales,المبايعات,2,وحده,121
Second Quarter,Units,Second Quarter,Number,عدد,2023,24055,Sales,المبايعات,2,وحده,122
Second Quarter,Building,Second Quarter,Value,قيمة,2023,1973644340,Sales,المبايعات,2,مبنى,123
Second Quarter,Building,Second Quarter,Number,عدد,2023,96,Sales,المبايعات,2,مبنى,124
Second Quarter,Land,Second Quarter,Value,قيمة,2023,24981788449,Sales,المبايعات,2,أرض,125
Second Quarter,Land,Second Quarter,Number,عدد,2023,2409,Sales,المبايعات,2,أرض,126
Second Quarter,Villa,Second Quarter,Value,قيمة,2023,14781450434,Sales,المبايعات,2,فيلا,127
Second Quarter,Villa,Second Quarter,Number,عدد,2023,3532,Sales,المبايعات,2,فيلا,128
Second Quarter,Units,Second Quarter,Value,قيمة,2023,4226210505,Mortgages,الرهون,2,وحده,129
Second Quarter,Units,Second Quarter,Number,عدد,2023,3152,Mortgages,الرهون,2,وحده,130
Second Quarter,Building,Second Quarter,Value,قيمة,2023,9646917184,Mortgages,الرهون,2,مبنى,131
Second Quarter,Building,Second Quarter,Number,عدد,2023,102,Mortgages,الرهون,2,مبنى,132
Second Quarter,Land,Second Quarter,Value,قيمة,2023,10893702052,Mortgages,الرهون,2,أرض,133
Second Quarter,Land,Second Quarter,Number,عدد,2023,1014,Mortgages,الرهون,2,أرض,134
Second Quarter,Villa,Second Quarter,Value,قيمة,2023,5634936334,Mortgages,الرهون,2,فيلا,135
Second Quarter,Villa,Second Quarter,Number,عدد,2023,1799,Mortgages,الرهون,2,فيلا,136
Second Quarter,Units,Second Quarter,Value,قيمة,2023,1523185976,Other,أخرى,2,وحده,137
Second Quarter,Units,Second Quarter,Number,عدد,2023,963,Other,أخرى,2,وحده,138
Second Quarter,Building,Second Quarter,Value,قيمة,2023,1218244750,Other,أخرى,2,مبنى,139
Second Quarter,Building,Second Quarter,Number,عدد,2023,29,Other,أخرى,2,مبنى,140
Second Quarter,Land,Second Quarter,Value,قيمة,2023,1292863621,Other,أخرى,2,أرض,141
Second Quarter,Land,Second Quarter,Number,عدد,2023,79,Other,أخرى,2,أرض,142
Second Quarter,Villa,Second Quarter,Value,قيمة,2023,898294861,Other,أخرى,2,فيلا,143
Second Quarter,Villa,Second Quarter,Number,عدد,2023,175,Other,أخرى,2,فيلا,144
Third Quarter,Units,Third Quarter,Value,قيمة,2023,44912600916,Sales,المبايعات,3,وحده,145
Third Quarter,Units,Third Quarter,Number,عدد,2023,23022,Sales,المبايعات,3,وحده,146
Third Quarter,Building,Third Quarter,Value,قيمة,2023,2537913398,Sales,المبايعات,3,مبنى,147
Third Quarter,Building,Third Quarter,Number,عدد,2023,108,Sales,المبايعات,3,مبنى,148
Third Quarter,Land,Third Quarter,Value,قيمة,2023,32378193573,Sales,المبايعات,3,أرض,149
Third Quarter,Land,Third Quarter,Number,عدد,2023,3896,Sales,المبايعات,3,أرض,150
Third Quarter,Villa,Third Quarter,Value,قيمة,2023,17694698544,Sales,المبايعات,3,فيلا,151
Third Quarter,Villa,Third Quarter,Number,عدد,2023,4159,Sales,المبايعات,3,فيلا,152
Third Quarter,Units,Third Quarter,Value,قيمة,2023,4840708946,Mortgages,الرهون,3,وحده,153
Third Quarter,Units,Third Quarter,Number,عدد,2023,3667,Mortgages,الرهون,3,وحده,154
Third Quarter,Building,Third Quarter,Value,قيمة,2023,7162955977,Mortgages,الرهون,3,مبنى,155
Third Quarter,Building,Third Quarter,Number,عدد,2023,111,Mortgages,الرهون,3,مبنى,156
Third Quarter,Land,Third Quarter,Value,قيمة,2023,23681579048,Mortgages,الرهون,3,أرض,157
Third Quarter,Land,Third Quarter,Number,عدد,2023,1102,Mortgages,الرهون,3,أرض,158
Third Quarter,Villa,Third Quarter,Value,قيمة,2023,6262490649,Mortgages,الرهون,3,فيلا,159
Third Quarter,Villa,Third Quarter,Number,عدد,2023,2150,Mortgages,الرهون,3,فيلا,160
Third Quarter,Units,Third Quarter,Value,قيمة,2023,1593873100,Other,أخرى,3,وحده,161
Third Quarter,Units,Third Quarter,Number,عدد,2023,1030,Other,أخرى,3,وحده,162
Third Quarter,Building,Third Quarter,Value,قيمة,2023,945056868,Other,أخرى,3,مبنى,163
Third Quarter,Building,Third Quarter,Number,عدد,2023,53,Other,أخرى,3,مبنى,164
Third Quarter,Land,Third Quarter,Value,قيمة,2023,3881158918,Other,أخرى,3,أرض,165
Third Quarter,Land,Third Quarter,Number,عدد,2023,413,Other,أخرى,3,أرض,166
Third Quarter,Villa,Third Quarter,Value,قيمة,2023,1241936924,Other,أخرى,3,فيلا,167
Third Quarter,Villa,Third Quarter,Number,عدد,2023,195,Other,أخرى,3,فيلا,168
Fourth Quarter,Units,Fourth Quarter,Value,قيمة,2023,52999104429,Sales,المبايعات,4,وحده,169
Fourth Quarter,Units,Fourth Quarter,Number,عدد,2023,27040,Sales,المبايعات,4,وحده,170
Fourth Quarter,Building,Fourth Quarter,Value,قيمة,2023,5859559211,Sales,المبايعات,4,مبنى,171
Fourth Quarter,Building,Fourth Quarter,Number,عدد,2023,117,Sales,المبايعات,4,مبنى,172
Fourth Quarter,Land,Fourth Quarter,Value,قيمة,2023,46754187225,Sales,المبايعات,4,أرض,173
Fourth Quarter,Land,Fourth Quarter,Number,عدد,2023,4107,Sales,المبايعات,4,أرض,174
Fourth Quarter,Villa,Fourth Quarter,Value,قيمة,2023,17006652264,Sales,المبايعات,4,فيلا,175
Fourth Quarter,Villa,Fourth Quarter,Number,عدد,2023,4119,Sales,المبايعات,4,فيلا,176
Fourth Quarter,Units,Fourth Quarter,Value,قيمة,2023,5385663300,Mortgages,الرهون,4,وحده,177
Fourth Quarter,Units,Fourth Quarter,Number,عدد,2023,4105,Mortgages,الرهون,4,وحده,178
Fourth Quarter,Building,Fourth Quarter,Value,قيمة,2023,8251160907,Mortgages,الرهون,4,مبنى,179
Fourth Quarter,Building,Fourth Quarter,Number,عدد,2023,108,Mortgages,الرهون,4,مبنى,180
Fourth Quarter,Land,Fourth Quarter,Value,قيمة,2023,38754552954,Mortgages,الرهون,4,أرض,181
Fourth Quarter,Land,Fourth Quarter,Number,عدد,2023,1076,Mortgages,الرهون,4,أرض,182
Fourth Quarter,Villa,Fourth Quarter,Value,قيمة,2023,6562117806,Mortgages,الرهون,4,فيلا,183
Fourth Quarter,Villa,Fourth Quarter,Number,عدد,2023,2245,Mortgages,الرهون,4,فيلا,184
Fourth Quarter,Units,Fourth Quarter,Value,قيمة,2023,3845214472,Other,أخرى,4,وحده,185
Fourth Quarter,Units,Fourth Quarter,Number,عدد,2023,1472,Other,أخرى,4,وحده,186
Fourth Quarter,Building,Fourth Quarter,Value,قيمة,2023,1973144899,Other,أخرى,4,مبنى,187
Fourth Quarter,Building,Fourth Quarter,Number,عدد,2023,54,Other,أخرى,4,مبنى,188
Fourth Quarter,Land,Fourth Quarter,Value,قيمة,2023,3378274611,Other,أخرى,4,أرض,189
Fourth Quarter,Land,Fourth Quarter,Number,عدد,2023,166,Other,أخرى,4,أرض,190
Fourth Quarter,Villa,Fourth Quarter,Value,قيمة,2023,1804673270,Other,أخرى,4,فيلا,191
Fourth Quarter,Villa,Fourth Quarter,Number,عدد,2023,337,Other,أخرى,4,فيلا,192
First Quarter,Units,First Quarter,Value,قيمة,2022,24912212884,Sales,المبايعات,1,وحده,193
First Quarter,Units,First Quarter,Number,عدد,2022,14063,Sales,المبايعات,1,وحده,194
First Quarter,Building,First Quarter,Value,قيمة,2022,2857698263,Sales,المبايعات,1,مبنى,195
First Quarter,Building,First Quarter,Number,عدد,2022,74,Sales,المبايعات,1,مبنى,196
First Quarter,Land,First Quarter,Value,قيمة,2022,17795202886,Sales,المبايعات,1,أرض,197
First Quarter,Land,First Quarter,Number,عدد,2022,3268,Sales,المبايعات,1,أرض,198
First Quarter,Villa,First Quarter,Value,قيمة,2022,9942782098,Sales,المبايعات,1,فيلا,199
First Quarter,Villa,First Quarter,Number,عدد,2022,3132,Sales,المبايعات,1,فيلا,200
First Quarter,Units,First Quarter,Value,قيمة,2022,2476694347,Mortgages,الرهون,1,وحده,201
First Quarter,Units,First Quarter,Number,عدد,2022,2397,Mortgages,الرهون,1,وحده,202
First Quarter,Building,First Quarter,Value,قيمة,2022,7203619210,Mortgages,الرهون,1,مبنى,203
First Quarter,Building,First Quarter,Number,عدد,2022,139,Mortgages,الرهون,1,مبنى,204
First Quarter,Land,First Quarter,Value,قيمة,2022,12173317595,Mortgages,الرهون,1,أرض,205
First Quarter,Land,First Quarter,Number,عدد,2022,788,Mortgages,الرهون,1,أرض,206
First Quarter,Villa,First Quarter,Value,قيمة,2022,4061285810,Mortgages,الرهون,1,فيلا,207
First Quarter,Villa,First Quarter,Number,عدد,2022,1504,Mortgages,الرهون,1,فيلا,208
First Quarter,Units,First Quarter,Value,قيمة,2022,941400355,Other,أخرى,1,وحده,209
First Quarter,Units,First Quarter,Number,عدد,2022,708,Other,أخرى,1,وحده,210
First Quarter,Building,First Quarter,Value,قيمة,2022,3956651467,Other,أخرى,1,مبنى,211
First Quarter,Building,First Quarter,Number,عدد,2022,62,Other,أخرى,1,مبنى,212
First Quarter,Land,First Quarter,Value,قيمة,2022,1049093943,Other,أخرى,1,أرض,213
First Quarter,Land,First Quarter,Number,عدد,2022,63,Other,أخرى,1,أرض,214
First Quarter,Villa,First Quarter,Value,قيمة,2022,704737565,Other,أخرى,1,فيلا,215
First Quarter,Villa,First Quarter,Number,عدد,2022,162,Other,أخرى,1,فيلا,216
Second Quarter,Units,Second Quarter,Value,قيمة,2022,30189793188,Sales,المبايعات,2,وحده,217
Second Quarter,Units,Second Quarter,Number,عدد,2022,15846,Sales,المبايعات,2,وحده,218
Second Quarter,Building,Second Quarter,Value,قيمة,2022,1605279721,Sales,المبايعات,2,مبنى,219
Second Quarter,Building,Second Quarter,Number,عدد,2022,92,Sales,المبايعات,2,مبنى,220
Second Quarter,Land,Second Quarter,Value,قيمة,2022,15734019178,Sales,المبايعات,2,أرض,221
Second Quarter,Land,Second Quarter,Number,عدد,2022,3126,Sales,المبايعات,2,أرض,222
Second Quarter,Villa,Second Quarter,Value,قيمة,2022,11627983699,Sales,المبايعات,2,فيلا,223
Second Quarter,Villa,Second Quarter,Number,عدد,2022,3436,Sales,المبايعات,2,فيلا,224
Second Quarter,Units,Second Quarter,Value,قيمة,2022,2773624250,Mortgages,الرهون,2,وحده,225
Second Quarter,Units,Second Quarter,Number,عدد,2022,2227,Mortgages,الرهون,2,وحده,226
Second Quarter,Building,Second Quarter,Value,قيمة,2022,10252705256,Mortgages,الرهون,2,مبنى,227
Second Quarter,Building,Second Quarter,Number,عدد,2022,151,Mortgages,الرهون,2,مبنى,228
Second Quarter,Land,Second Quarter,Value,قيمة,2022,49439625095,Mortgages,الرهون,2,أرض,229
Second Quarter,Land,Second Quarter,Number,عدد,2022,760,Mortgages,الرهون,2,أرض,230
Second Quarter,Villa,Second Quarter,Value,قيمة,2022,5670919086,Mortgages,الرهون,2,فيلا,231
Second Quarter,Villa,Second Quarter,Number,عدد,2022,1724,Mortgages,الرهون,2,فيلا,232
Second Quarter,Units,Second Quarter,Value,قيمة,2022,1163307570,Other,أخرى,2,وحده,233
Second Quarter,Units,Second Quarter,Number,عدد,2022,788,Other,أخرى,2,وحده,234
Second Quarter,Building,Second Quarter,Value,قيمة,2022,1801786506,Other,أخرى,2,مبنى,235
Second Quarter,Building,Second Quarter,Number,عدد,2022,57,Other,أخرى,2,مبنى,236
Second Quarter,Land,Second Quarter,Value,قيمة,2022,659547944,Other,أخرى,2,أرض,237
Second Quarter,Land,Second Quarter,Number,عدد,2022,59,Other,أخرى,2,أرض,238
Second Quarter,Villa,Second Quarter,Value,قيمة,2022,1030766054,Other,أخرى,2,فيلا,239
Second Quarter,Villa,Second Quarter,Number,عدد,2022,166,Other,أخرى,2,فيلا,240
Third Quarter,Units,Third Quarter,Value,قيمة,2022,34675460814,Sales,المبايعات,3,وحده,241
Third Quarter,Units,Third Quarter,Number,عدد,2022,18751,Sales,المبايعات,3,وحده,242
Third Quarter,Building,Third Quarter,Value,قيمة,2022,1116950488,Sales,المبايعات,3,مبنى,243
Third Quarter,Building,Third Quarter,Number,عدد,2022,73,Sales,المبايعات,3,مبنى,244
Third Quarter,Land,Third Quarter,Value,قيمة,2022,22927898737,Sales,المبايعات,3,أرض,245
Third Quarter,Land,Third Quarter,Number,عدد,2022,3239,Sales,المبايعات,3,أرض,246
Third Quarter,Villa,Third Quarter,Value,قيمة,2022,11011975835,Sales,المبايعات,3,فيلا,247
Third Quarter,Villa,Third Quarter,Number,عدد,2022,3389,Sales,المبايعات,3,فيلا,248
Third Quarter,Units,Third Quarter,Value,قيمة,2022,4902655058,Mortgages,الرهون,3,وحده,249
Third Quarter,Units,Third Quarter,Number,عدد,2022,2567,Mortgages,الرهون,3,وحده,250
Third Quarter,Building,Third Quarter,Value,قيمة,2022,7130031902,Mortgages,الرهون,3,مبنى,251
Third Quarter,Building,Third Quarter,Number,عدد,2022,123,Mortgages,الرهون,3,مبنى,252
Third Quarter,Land,Third Quarter,Value,قيمة,2022,42934944061,Mortgages,الرهون,3,أرض,253
Third Quarter,Land,Third Quarter,Number,عدد,2022,1019,Mortgages,الرهون,3,أرض,254
Third Quarter,Villa,Third Quarter,Value,قيمة,2022,4461380189,Mortgages,الرهون,3,فيلا,255
Third Quarter,Villa,Third Quarter,Number,عدد,2022,1620,Mortgages,الرهون,3,فيلا,256
Third Quarter,Units,Third Quarter,Value,قيمة,2022,1359579732,Other,أخرى,3,وحده,257
Third Quarter,Units,Third Quarter,Number,عدد,2022,936,Other,أخرى,3,وحده,258
Third Quarter,Building,Third Quarter,Value,قيمة,2022,3339154905,Other,أخرى,3,مبنى,259
Third Quarter,Building,Third Quarter,Number,عدد,2022,80,Other,أخرى,3,مبنى,260
Third Quarter,Land,Third Quarter,Value,قيمة,2022,826347076,Other,أخرى,3,أرض,261
Third Quarter,Land,Third Quarter,Number,عدد,2022,93,Other,أخرى,3,أرض,262
Third Quarter,Villa,Third Quarter,Value,قيمة,2022,1533079697,Other,أخرى,3,فيلا,263
Third Quarter,Villa,Third Quarter,Number,عدد,2022,197,Other,أخرى,3,فيلا,264
Fourth Quarter,Units,Fourth Quarter,Value,قيمة,2022,46390596773,Sales,المبايعات,4,وحده,265
Fourth Quarter,Units,Fourth Quarter,Number,عدد,2022,22437,Sales,المبايعات,4,وحده,266
Fourth Quarter,Building,Fourth Quarter,Value,قيمة,2022,2263549077,Sales,المبايعات,4,مبنى,267
Fourth Quarter,Building,Fourth Quarter,Number,عدد,2022,136,Sales,المبايعات,4,مبنى,268
Fourth Quarter,Land,Fourth Quarter,Value,قيمة,2022,20251818746,Sales,المبايعات,4,أرض,269
Fourth Quarter,Land,Fourth Quarter,Number,عدد,2022,2898,Sales,المبايعات,4,أرض,270
Fourth Quarter,Villa,Fourth Quarter,Value,قيمة,2022,13423061186,Sales,المبايعات,4,فيلا,271
Fourth Quarter,Villa,Fourth Quarter,Number,عدد,2022,3745,Sales,المبايعات,4,فيلا,272
Fourth Quarter,Units,Fourth Quarter,Value,قيمة,2022,10706237223,Mortgages,الرهون,4,وحده,273
Fourth Quarter,Units,Fourth Quarter,Number,عدد,2022,2641,Mortgages,الرهون,4,وحده,274
Fourth Quarter,Building,Fourth Quarter,Value,قيمة,2022,7996049588,Mortgages,الرهون,4,مبنى,275
Fourth Quarter,Building,Fourth Quarter,Number,عدد,2022,129,Mortgages,الرهون,4,مبنى,276
Fourth Quarter,Land,Fourth Quarter,Value,قيمة,2022,97156068684,Mortgages,الرهون,4,أرض,277
Fourth Quarter,Land,Fourth Quarter,Number,عدد,2022,1193,Mortgages,الرهون,4,أرض,278
Fourth Quarter,Villa,Fourth Quarter,Value,قيمة,2022,4285964907,Mortgages,الرهون,4,فيلا,279
Fourth Quarter,Villa,Fourth Quarter,Number,عدد,2022,1497,Mortgages,الرهون,4,فيلا,280
Fourth Quarter,Units,Fourth Quarter,Value,قيمة,2022,1553944746,Other,أخرى,4,وحده,281
Fourth Quarter,Units,Fourth Quarter,Number,عدد,2022,974,Other,أخرى,4,وحده,282
Fourth Quarter,Building,Fourth Quarter,Value,قيمة,2022,5791736960,Other,أخرى,4,مبنى,283
Fourth Quarter,Building,Fourth Quarter,Number,عدد,2022,84,Other,أخرى,4,مبنى,284
Fourth Quarter,Land,Fourth Quarter,Value,قيمة,2022,3162823587,Other,أخرى,4,أرض,285
Fourth Quarter,Land,Fourth Quarter,Number,عدد,2022,120,Other,أخرى,4,أرض,286
Fourth Quarter,Villa,Fourth Quarter,Value,قيمة,2022,982722476,Other,أخرى,4,فيلا,287
Fourth Quarter,Villa,Fourth Quarter,Number,عدد,2022,163,Other,أخرى,4,فيلا,288
First Quarter,Units,First Quarter,Value,قيمة,2021,10980208082,Sales,المبايعات,1,وحده,289
First Quarter,Units,First Quarter,Number,عدد,2021,8187,Sales,المبايعات,1,وحده,290
First Quarter,Building,First Quarter,Value,قيمة,2021,976640295,Sales,المبايعات,1,مبنى,291
First Quarter,Building,First Quarter,Number,عدد,2021,72,Sales,المبايعات,1,مبنى,292
First Quarter,Land,First Quarter,Value,قيمة,2021,6003629986,Sales,المبايعات,1,أرض,293
First Quarter,Land,First Quarter,Number,عدد,2021,1197,Sales,المبايعات,1,أرض,294
First Quarter,Villa,First Quarter,Value,قيمة,2021,7190532425,Sales,المبايعات,1,فيلا,295
First Quarter,Villa,First Quarter,Number,عدد,2021,2297,Sales,المبايعات,1,فيلا,296
First Quarter,Units,First Quarter,Value,قيمة,2021,3275431354,Mortgages,الرهون,1,وحده,297
First Quarter,Units,First Quarter,Number,عدد,2021,2832,Mortgages,الرهون,1,وحده,298
First Quarter,Building,First Quarter,Value,قيمة,2021,12567881837,Mortgages,الرهون,1,مبنى,299
First Quarter,Building,First Quarter,Number,عدد,2021,133,Mortgages,الرهون,1,مبنى,300
First Quarter,Land,First Quarter,Value,قيمة,2021,18330377812,Mortgages,الرهون,1,أرض,301
First Quarter,Land,First Quarter,Number,عدد,2021,1106,Mortgages,الرهون,1,أرض,302
First Quarter,Villa,First Quarter,Value,قيمة,2021,5326044118,Mortgages,الرهون,1,فيلا,303
First Quarter,Villa,First Quarter,Number,عدد,2021,2019,Mortgages,الرهون,1,فيلا,304
First Quarter,Units,First Quarter,Value,قيمة,2021,705141489,Other,أخرى,1,وحده,305
First Quarter,Units,First Quarter,Number,عدد,2021,475,Other,أخرى,1,وحده,306
First Quarter,Building,First Quarter,Value,قيمة,2021,2442739804,Other,أخرى,1,مبنى,307
First Quarter,Building,First Quarter,Number,عدد,2021,64,Other,أخرى,1,مبنى,308
First Quarter,Land,First Quarter,Value,قيمة,2021,730202589,Other,أخرى,1,أرض,309
First Quarter,Land,First Quarter,Number,عدد,2021,87,Other,أخرى,1,أرض,310
First Quarter,Villa,First Quarter,Value,قيمة,2021,942650550,Other,أخرى,1,فيلا,311
First Quarter,Villa,First Quarter,Number,عدد,2021,214,Other,أخرى,1,فيلا,312
Second Quarter,Units,Second Quarter,Value,قيمة,2021,15791954553,Sales,المبايعات,2,وحده,313
Second Quarter,Units,Second Quarter,Number,عدد,2021,10759,Sales,المبايعات,2,وحده,314
Second Quarter,Building,Second Quarter,Value,قيمة,2021,1107679776,Sales,المبايعات,2,مبنى,315
Second Quarter,Building,Second Quarter,Number,عدد,2021,66,Sales,المبايعات,2,مبنى,316
Second Quarter,Land,Second Quarter,Value,قيمة,2021,9262798949,Sales,المبايعات,2,أرض,317
Second Quarter,Land,Second Quarter,Number,عدد,2021,1567,Sales,المبايعات,2,أرض,318
Second Quarter,Villa,Second Quarter,Value,قيمة,2021,10601288624,Sales,المبايعات,2,فيلا,319
Second Quarter,Villa,Second Quarter,Number,عدد,2021,3188,Sales,المبايعات,2,فيلا,320
Second Quarter,Units,Second Quarter,Value,قيمة,2021,2191929121,Mortgages,الرهون,2,وحده,321
Second Quarter,Units,Second Quarter,Number,عدد,2021,2018,Mortgages,الرهون,2,وحده,322
Second Quarter,Building,Second Quarter,Value,قيمة,2021,8331896931,Mortgages,الرهون,2,مبنى,323
Second Quarter,Building,Second Quarter,Number,عدد,2021,114,Mortgages,الرهون,2,مبنى,324
Second Quarter,Land,Second Quarter,Value,قيمة,2021,15858014865,Mortgages,الرهون,2,أرض,325
Second Quarter,Land,Second Quarter,Number,عدد,2021,907,Mortgages,الرهون,2,أرض,326
Second Quarter,Villa,Second Quarter,Value,قيمة,2021,4411371370,Mortgages,الرهون,2,فيلا,327
Second Quarter,Villa,Second Quarter,Number,عدد,2021,1704,Mortgages,الرهون,2,فيلا,328
Second Quarter,Units,Second Quarter,Value,قيمة,2021,795379017,Other,أخرى,2,وحده,329
Second Quarter,Units,Second Quarter,Number,عدد,2021,594,Other,أخرى,2,وحده,330
Second Quarter,Building,Second Quarter,Value,قيمة,2021,4044166916,Other,أخرى,2,مبنى,331
Second Quarter,Building,Second Quarter,Number,عدد,2021,33,Other,أخرى,2,مبنى,332
Second Quarter,Land,Second Quarter,Value,قيمة,2021,1230177307,Other,أخرى,2,أرض,333
Second Quarter,Land,Second Quarter,Number,عدد,2021,82,Other,أخرى,2,أرض,334
Second Quarter,Villa,Second Quarter,Value,قيمة,2021,848541310,Other,أخرى,2,فيلا,335
Second Quarter,Villa,Second Quarter,Number,عدد,2021,186,Other,أخرى,2,فيلا,336
Third Quarter,Units,Third Quarter,Value,قيمة,2021,18665772927,Sales,المبايعات,3,وحده,337
Third Quarter,Units,Third Quarter,Number,عدد,2021,10785,Sales,المبايعات,3,وحده,338
Third Quarter,Building,Third Quarter,Value,قيمة,2021,1086225536,Sales,المبايعات,3,مبنى,339
Third Quarter,Building,Third Quarter,Number,عدد,2021,68,Sales,المبايعات,3,مبنى,340
Third Quarter,Land,Third Quarter,Value,قيمة,2021,11883838680,Sales,المبايعات,3,أرض,341
Third Quarter,Land,Third Quarter,Number,عدد,2021,1623,Sales,المبايعات,3,أرض,342
Third Quarter,Villa,Third Quarter,Value,قيمة,2021,10702556801,Sales,المبايعات,3,فيلا,343
Third Quarter,Villa,Third Quarter,Number,عدد,2021,3432,Sales,المبايعات,3,فيلا,344
Third Quarter,Units,Third Quarter,Value,قيمة,2021,2134813717,Mortgages,الرهون,3,وحده,345
Third Quarter,Units,Third Quarter,Number,عدد,2021,1966,Mortgages,الرهون,3,وحده,346
Third Quarter,Building,Third Quarter,Value,قيمة,2021,12374052731,Mortgages,الرهون,3,مبنى,347
Third Quarter,Building,Third Quarter,Number,عدد,2021,136,Mortgages,الرهون,3,مبنى,348
Third Quarter,Land,Third Quarter,Value,قيمة,2021,9223303343,Mortgages,الرهون,3,أرض,349
Third Quarter,Land,Third Quarter,Number,عدد,2021,774,Mortgages,الرهون,3,أرض,350
Third Quarter,Villa,Third Quarter,Value,قيمة,2021,5095653263,Mortgages,الرهون,3,فيلا,351
Third Quarter,Villa,Third Quarter,Number,عدد,2021,1615,Mortgages,الرهون,3,فيلا,352
Third Quarter,Units,Third Quarter,Value,قيمة,2021,1663702405,Other,أخرى,3,وحده,353
Third Quarter,Units,Third Quarter,Number,عدد,2021,574,Other,أخرى,3,وحده,354
Third Quarter,Building,Third Quarter,Value,قيمة,2021,864561682,Other,أخرى,3,مبنى,355
Third Quarter,Building,Third Quarter,Number,عدد,2021,25,Other,أخرى,3,مبنى,356
Third Quarter,Land,Third Quarter,Value,قيمة,2021,1444040231,Other,أخرى,3,أرض,357
Third Quarter,Land,Third Quarter,Number,عدد,2021,65,Other,أخرى,3,أرض,358
Third Quarter,Villa,Third Quarter,Value,قيمة,2021,1617818767,Other,أخرى,3,فيلا,359
Third Quarter,Villa,Third Quarter,Number,عدد,2021,164,Other,أخرى,3,فيلا,360
Fourth Quarter,Units,Fourth Quarter,Value,قيمة,2021,23209636548,Sales,المبايعات,4,وحده,361
Fourth Quarter,Units,Fourth Quarter,Number,عدد,2021,12331,Sales,المبايعات,4,وحده,362
Fourth Quarter,Building,Fourth Quarter,Value,قيمة,2021,760030384,Sales,المبايعات,4,مبنى,363
Fourth Quarter,Building,Fourth Quarter,Number,عدد,2021,64,Sales,المبايعات,4,مبنى,364
Fourth Quarter,Land,Fourth Quarter,Value,قيمة,2021,12411057333,Sales,المبايعات,4,أرض,365
Fourth Quarter,Land,Fourth Quarter,Number,عدد,2021,2044,Sales,المبايعات,4,أرض,366
Fourth Quarter,Villa,Fourth Quarter,Value,قيمة,2021,10340082093,Sales,المبايعات,4,فيلا,367
Fourth Quarter,Villa,Fourth Quarter,Number,عدد,2021,3489,Sales,المبايعات,4,فيلا,368
Fourth Quarter,Units,Fourth Quarter,Value,قيمة,2021,3701016975,Mortgages,الرهون,4,وحده,369
Fourth Quarter,Units,Fourth Quarter,Number,عدد,2021,2154,Mortgages,الرهون,4,وحده,370
Fourth Quarter,Building,Fourth Quarter,Value,قيمة,2021,12365616353,Mortgages,الرهون,4,مبنى,371
Fourth Quarter,Building,Fourth Quarter,Number,عدد,2021,220,Mortgages,الرهون,4,مبنى,372
Fourth Quarter,Land,Fourth Quarter,Value,قيمة,2021,9428631047,Mortgages,الرهون,4,أرض,373
Fourth Quarter,Land,Fourth Quarter,Number,عدد,2021,843,Mortgages,الرهون,4,أرض,374
Fourth Quarter,Villa,Fourth Quarter,Value,قيمة,2021,3623060021,Mortgages,الرهون,4,فيلا,375
Fourth Quarter,Villa,Fourth Quarter,Number,عدد,2021,1540,Mortgages,الرهون,4,فيلا,376
Fourth Quarter,Units,Fourth Quarter,Value,قيمة,2021,1078863195,Other,أخرى,4,وحده,377
Fourth Quarter,Units,Fourth Quarter,Number,عدد,2021,845,Other,أخرى,4,وحده,378
Fourth Quarter,Building,Fourth Quarter,Value,قيمة,2021,528939430,Other,أخرى,4,مبنى,379
Fourth Quarter,Building,Fourth Quarter,Number,عدد,2021,36,Other,أخرى,4,مبنى,380
Fourth Quarter,Land,Fourth Quarter,Value,قيمة,2021,1021600754,Other,أخرى,4,أرض,381
Fourth Quarter,Land,Fourth Quarter,Number,عدد,2021,57,Other,أخرى,4,أرض,382
Fourth Quarter,Villa,Fourth Quarter,Value,قيمة,2021,661371560,Other,أخرى,4,فيلا,383
Fourth Quarter,Villa,Fourth Quarter,Number,عدد,2021,170,Other,أخرى,4,فيلا,384
First Quarter,Units,First Quarter,Value,قيمة,2020,10105036194,Sales,المبايعات,1,وحده,385
First Quarter,Units,First Quarter,Number,عدد,2020,7877,Sales,المبايعات,1,وحده,386
First Quarter,Building,First Quarter,Value,قيمة,2020,2103938867,Sales,المبايعات,1,مبنى,387
First Quarter,Building,First Quarter,Number,عدد,2020,1180,Sales,المبايعات,1,مبنى,388
First Quarter,Land,First Quarter,Value,قيمة,2020,9156873548,Sales,المبايعات,1,أرض,389
First Quarter,Land,First Quarter,Number,عدد,2020,1064,Sales,المبايعات,1,أرض,390
First Quarter,Units,First Quarter,Value,قيمة,2020,1994841166,Mortgages,الرهون,1,وحده,391
First Quarter,Units,First Quarter,Number,عدد,2020,1699,Mortgages,الرهون,1,وحده,392
First Quarter,Building,First Quarter,Value,قيمة,2020,710217251,Mortgages,الرهون,1,مبنى,393
First Quarter,Building,First Quarter,Number,عدد,2020,507,Mortgages,الرهون,1,مبنى,394
First Quarter,Land,First Quarter,Value,قيمة,2020,19239565259,Mortgages,الرهون,1,أرض,395
First Quarter,Land,First Quarter,Number,عدد,2020,1365,Mortgages,الرهون,1,أرض,396
First Quarter,Units,First Quarter,Value,قيمة,2020,821450043,Other,أخرى,1,وحده,397
First Quarter,Units,First Quarter,Number,عدد,2020,721,Other,أخرى,1,وحده,398
First Quarter,Building,First Quarter,Value,قيمة,2020,53083288,Other,أخرى,1,مبنى,399
First Quarter,Building,First Quarter,Number,عدد,2020,34,Other,أخرى,1,مبنى,400
First Quarter,Land,First Quarter,Value,قيمة,2020,3366872533,Other,أخرى,1,أرض,401
First Quarter,Land,First Quarter,Number,عدد,2020,242,Other,أخرى,1,أرض,402
Second Quarter,Units,Second Quarter,Value,قيمة,2020,5707902301,Sales,المبايعات,2,وحده,403
Second Quarter,Units,Second Quarter,Number,عدد,2020,4311,Sales,المبايعات,2,وحده,404
Second Quarter,Building,Second Quarter,Value,قيمة,2020,1082282139,Sales,المبايعات,2,مبنى,405
Second Quarter,Building,Second Quarter,Number,عدد,2020,570,Sales,المبايعات,2,مبنى,406
Second Quarter,Land,Second Quarter,Value,قيمة,2020,4175985216,Sales,المبايعات,2,أرض,407
Second Quarter,Land,Second Quarter,Number,عدد,2020,674,Sales,المبايعات,2,أرض,408
Second Quarter,Units,Second Quarter,Value,قيمة,2020,905584551,Mortgages,الرهون,2,وحده,409
Second Quarter,Units,Second Quarter,Number,عدد,2020,719,Mortgages,الرهون,2,وحده,410
Second Quarter,Building,Second Quarter,Value,قيمة,2020,358779716,Mortgages,الرهون,2,مبنى,411
Second Quarter,Building,Second Quarter,Number,عدد,2020,286,Mortgages,الرهون,2,مبنى,412
Second Quarter,Land,Second Quarter,Value,قيمة,2020,8730833232,Mortgages,الرهون,2,أرض,413
Second Quarter,Land,Second Quarter,Number,عدد,2020,858,Mortgages,الرهون,2,أرض,414
Second Quarter,Units,Second Quarter,Value,قيمة,2020,370332414,Other,أخرى,2,وحده,415
Second Quarter,Units,Second Quarter,Number,عدد,2020,230,Other,أخرى,2,وحده,416
Second Quarter,Building,Second Quarter,Value,قيمة,2020,31683141,Other,أخرى,2,مبنى,417
Second Quarter,Building,Second Quarter,Number,عدد,2020,20,Other,أخرى,2,مبنى,418
Second Quarter,Land,Second Quarter,Value,قيمة,2020,2928183878,Other,أخرى,2,أرض,419
Second Quarter,Land,Second Quarter,Number,عدد,2020,110,Other,أخرى,2,أرض,420
Third Quarter,Units,Third Quarter,Value,قيمة,2020,6945938394,Sales,المبايعات,3,وحده,421
Third Quarter,Units,Third Quarter,Number,عدد,2020,5878,Sales,المبايعات,3,وحده,422
Third Quarter,Building,Third Quarter,Value,قيمة,2020,2200344097,Sales,المبايعات,3,مبنى,423
Third Quarter,Building,Third Quarter,Number,عدد,2020,1262,Sales,المبايعات,3,مبنى,424
Third Quarter,Land,Third Quarter,Value,قيمة,2020,8927852591,Sales,المبايعات,3,أرض,425
Third Quarter,Land,Third Quarter,Number,عدد,2020,1495,Sales,المبايعات,3,أرض,426
Third Quarter,Units,Third Quarter,Value,قيمة,2020,1603218183,Mortgages,الرهون,3,وحده,427
Third Quarter,Units,Third Quarter,Number,عدد,2020,1409,Mortgages,الرهون,3,وحده,428
Third Quarter,Building,Third Quarter,Value,قيمة,2020,639635343,Mortgages,الرهون,3,مبنى,429
Third Quarter,Building,Third Quarter,Number,عدد,2020,492,Mortgages,الرهون,3,مبنى,430
Third Quarter,Land,Third Quarter,Value,قيمة,2020,34614344860,Mortgages,الرهون,3,أرض,431
Third Quarter,Land,Third Quarter,Number,عدد,2020,1799,Mortgages,الرهون,3,أرض,432
Third Quarter,Units,Third Quarter,Value,قيمة,2020,693088894,Other,أخرى,3,وحده,433
Third Quarter,Units,Third Quarter,Number,عدد,2020,526,Other,أخرى,3,وحده,434
Third Quarter,Building,Third Quarter,Value,قيمة,2020,83869719,Other,أخرى,3,مبنى,435
Third Quarter,Building,Third Quarter,Number,عدد,2020,55,Other,أخرى,3,مبنى,436
Third Quarter,Land,Third Quarter,Value,قيمة,2020,3985758410,Other,أخرى,3,أرض,437
Third Quarter,Land,Third Quarter,Number,عدد,2020,317,Other,أخرى,3,أرض,438
Fourth Quarter,Units,Fourth Quarter,Value,قيمة,2020,9480383598,Sales,المبايعات,4,وحده,439
Fourth Quarter,Units,Fourth Quarter,Number,عدد,2020,7760,Sales,المبايعات,4,وحده,440
Fourth Quarter,Building,Fourth Quarter,Value,قيمة,2020,2708956943,Sales,المبايعات,4,مبنى,441
Fourth Quarter,Building,Fourth Quarter,Number,عدد,2020,1451,Sales,المبايعات,4,مبنى,442
Fourth Quarter,Land,Fourth Quarter,Value,قيمة,2020,9661584496,Sales,المبايعات,4,أرض,443
Fourth Quarter,Land,Fourth Quarter,Number,عدد,2020,1793,Sales,المبايعات,4,أرض,444
Fourth Quarter,Units,Fourth Quarter,Value,قيمة,2020,1448585094,Mortgages,الرهون,4,وحده,445
Fourth Quarter,Units,Fourth Quarter,Number,عدد,2020,1505,Mortgages,الرهون,4,وحده,446
Fourth Quarter,Building,Fourth Quarter,Value,قيمة,2020,759147160,Mortgages,الرهون,4,مبنى,447
Fourth Quarter,Building,Fourth Quarter,Number,عدد,2020,569,Mortgages,الرهون,4,مبنى,448
Fourth Quarter,Land,Fourth Quarter,Value,قيمة,2020,16545931156,Mortgages,الرهون,4,أرض,449
Fourth Quarter,Land,Fourth Quarter,Number,عدد,2020,1729,Mortgages,الرهون,4,أرض,450
Fourth Quarter,Units,Fourth Quarter,Value,قيمة,2020,731717857,Other,أخرى,4,وحده,451
Fourth Quarter,Units,Fourth Quarter,Number,عدد,2020,507,Other,أخرى,4,وحده,452
Fourth Quarter,Building,Fourth Quarter,Value,قيمة,2020,74549484,Other,أخرى,4,مبنى,453
Fourth Quarter,Building,Fourth Quarter,Number,عدد,2020,43,Other,أخرى,4,مبنى,454
Fourth Quarter,Land,Fourth Quarter,Value,قيمة,2020,1815274328,Other,أخرى,4,أرض,455
Fourth Quarter,Land,Fourth Quarter,Number,عدد,2020,225,Other,أخرى,4,أرض,456
First Quarter,Units,First Quarter,Value,قيمة,2019,9330741855,Sales,المبايعات,1,وحده,457
First Quarter,Units,First Quarter,Number,عدد,2019,6952,Sales,المبايعات,1,وحده,458
First Quarter,Building,First Quarter,Value,قيمة,2019,1913129337,Sales,المبايعات,1,مبنى,459
First Quarter,Building,First Quarter,Number,عدد,2019,1029,Sales,المبايعات,1,مبنى,460
First Quarter,Land,First Quarter,Value,قيمة,2019,9242728326,Sales,المبايعات,1,أرض,461
First Quarter,Land,First Quarter,Number,عدد,2019,992,Sales,المبايعات,1,أرض,462
First Quarter,Units,First Quarter,Value,قيمة,2019,2147199955,Mortgages,الرهون,1,وحده,463
First Quarter,Units,First Quarter,Number,عدد,2019,1444,Mortgages,الرهون,1,وحده,464
First Quarter,Building,First Quarter,Value,قيمة,2019,979965424,Mortgages,الرهون,1,مبنى,465
First Quarter,Building,First Quarter,Number,عدد,2019,251,Mortgages,الرهون,1,مبنى,466
First Quarter,Land,First Quarter,Value,قيمة,2019,28352474358,Mortgages,الرهون,1,أرض,467
First Quarter,Land,First Quarter,Number,عدد,2019,1213,Mortgages,الرهون,1,أرض,468
First Quarter,Units,First Quarter,Value,قيمة,2019,827271559,Other,أخرى,1,وحده,469
First Quarter,Units,First Quarter,Number,عدد,2019,677,Other,أخرى,1,وحده,470
First Quarter,Building,First Quarter,Value,قيمة,2019,89932102,Other,أخرى,1,مبنى,471
First Quarter,Building,First Quarter,Number,عدد,2019,43,Other,أخرى,1,مبنى,472
First Quarter,Land,First Quarter,Value,قيمة,2019,3557313516,Other,أخرى,1,أرض,473
First Quarter,Land,First Quarter,Number,عدد,2019,225,Other,أخرى,1,أرض,474
Second Quarter,Units,Second Quarter,Value,قيمة,2019,11009854592,Sales,المبايعات,2,وحده,475
Second Quarter,Units,Second Quarter,Number,عدد,2019,7045,Sales,المبايعات,2,وحده,476
Second Quarter,Building,Second Quarter,Value,قيمة,2019,1473111271,Sales,المبايعات,2,مبنى,477
Second Quarter,Building,Second Quarter,Number,عدد,2019,912,Sales,المبايعات,2,مبنى,478
Second Quarter,Land,Second Quarter,Value,قيمة,2019,6196921890,Sales,المبايعات,2,أرض,479
Second Quarter,Land,Second Quarter,Number,عدد,2019,1098,Sales,المبايعات,2,أرض,480
Second Quarter,Units,Second Quarter,Value,قيمة,2019,1555601561,Mortgages,الرهون,2,وحده,481
Second Quarter,Units,Second Quarter,Number,عدد,2019,1458,Mortgages,الرهون,2,وحده,482
Second Quarter,Building,Second Quarter,Value,قيمة,2019,346154904,Mortgages,الرهون,2,مبنى,483
Second Quarter,Building,Second Quarter,Number,عدد,2019,253,Mortgages,الرهون,2,مبنى,484
Second Quarter,Land,Second Quarter,Value,قيمة,2019,33219291938,Mortgages,الرهون,2,أرض,485
Second Quarter,Land,Second Quarter,Number,عدد,2019,978,Mortgages,الرهون,2,أرض,486
Second Quarter,Units,Second Quarter,Value,قيمة,2019,1358108994,Other,أخرى,2,وحده,487
Second Quarter,Units,Second Quarter,Number,عدد,2019,896,Other,أخرى,2,وحده,488
Second Quarter,Building,Second Quarter,Value,قيمة,2019,320450045,Other,أخرى,2,مبنى,489
Second Quarter,Building,Second Quarter,Number,عدد,2019,32,Other,أخرى,2,مبنى,490
Second Quarter,Land,Second Quarter,Value,قيمة,2019,5218976089,Other,أخرى,2,أرض,491
Second Quarter,Land,Second Quarter,Number,عدد,2019,263,Other,أخرى,2,أرض,492
Third Quarter,Units,Third Quarter,Value,قيمة,2019,9301229181,Sales,المبايعات,3,وحده,493
Third Quarter,Units,Third Quarter,Number,عدد,2019,7294,Sales,المبايعات,3,وحده,494
Third Quarter,Building,Third Quarter,Value,قيمة,2019,2468723323,Sales,المبايعات,3,مبنى,495
Third Quarter,Building,Third Quarter,Number,عدد,2019,1506,Sales,المبايعات,3,مبنى,496
Third Quarter,Land,Third Quarter,Value,قيمة,2019,6127018941,Sales,المبايعات,3,أرض,497
Third Quarter,Land,Third Quarter,Number,عدد,2019,1066,Sales,المبايعات,3,أرض,498
Third Quarter,Units,Third Quarter,Value,قيمة,2019,3555379536,Mortgages,الرهون,3,وحده,499
Third Quarter,Units,Third Quarter,Number,عدد,2019,2008,Mortgages,الرهون,3,وحده,500
Third Quarter,Building,Third Quarter,Value,قيمة,2019,410234480,Mortgages,الرهون,3,مبنى,501
Third Quarter,Building,Third Quarter,Number,عدد,2019,286,Mortgages,الرهون,3,مبنى,502
Third Quarter,Land,Third Quarter,Value,قيمة,2019,16861049086,Mortgages,الرهون,3,أرض,503
Third Quarter,Land,Third Quarter,Number,عدد,2019,1127,Mortgages,الرهون,3,أرض,504
Third Quarter,Units,Third Quarter,Value,قيمة,2019,749682248,Other,أخرى,3,وحده,505
Third Quarter,Units,Third Quarter,Number,عدد,2019,628,Other,أخرى,3,وحده,506
Third Quarter,Building,Third Quarter,Value,قيمة,2019,76151523,Other,أخرى,3,مبنى,507
Third Quarter,Building,Third Quarter,Number,عدد,2019,30,Other,أخرى,3,مبنى,508
Third Quarter,Land,Third Quarter,Value,قيمة,2019,3107306831,Other,أخرى,3,أرض,509
Third Quarter,Land,Third Quarter,Number,عدد,2019,165,Other,أخرى,3,أرض,510
Fourth Quarter,Units,Fourth Quarter,Value,قيمة,2019,12405693289,Sales,المبايعات,4,وحده,511
Fourth Quarter,Units,Fourth Quarter,Number,عدد,2019,9031,Sales,المبايعات,4,وحده,512
Fourth Quarter,Building,Fourth Quarter,Value,قيمة,2019,4120630994,Sales,المبايعات,4,مبنى,513
Fourth Quarter,Building,Fourth Quarter,Number,عدد,2019,2190,Sales,المبايعات,4,مبنى,514
Fourth Quarter,Land,Fourth Quarter,Value,قيمة,2019,7440264834,Sales,المبايعات,4,أرض,515
Fourth Quarter,Land,Fourth Quarter,Number,عدد,2019,1150,Sales,المبايعات,4,أرض,516
Fourth Quarter,Units,Fourth Quarter,Value,قيمة,2019,10075909185,Mortgages,الرهون,4,وحده,517
Fourth Quarter,Units,Fourth Quarter,Number,عدد,2019,1795,Mortgages,الرهون,4,وحده,518
Fourth Quarter,Building,Fourth Quarter,Value,قيمة,2019,1238671791,Mortgages,الرهون,4,مبنى,519
Fourth Quarter,Building,Fourth Quarter,Number,عدد,2019,500,Mortgages,الرهون,4,مبنى,520
Fourth Quarter,Land,Fourth Quarter,Value,قيمة,2019,28583600188,Mortgages,الرهون,4,أرض,521
Fourth Quarter,Land,Fourth Quarter,Number,عدد,2019,1234,Mortgages,الرهون,4,أرض,522
Fourth Quarter,Units,Fourth Quarter,Value,قيمة,2019,658993617,Other,أخرى,4,وحده,523
Fourth Quarter,Units,Fourth Quarter,Number,عدد,2019,544,Other,أخرى,4,وحده,524
Fourth Quarter,Building,Fourth Quarter,Value,قيمة,2019,226090287,Other,أخرى,4,مبنى,525
Fourth Quarter,Building,Fourth Quarter,Number,عدد,2019,69,Other,أخرى,4,مبنى,526
Fourth Quarter,Land,Fourth Quarter,Value,قيمة,2019,3018162237,Other,أخرى,4,أرض,527
Fourth Quarter,Land,Fourth Quarter,Number,عدد,2019,194,Other,أخرى,4,أرض,528
First Quarter,Units,First Quarter,Value,قيمة,2018,9146640476,Sales,المبايعات,1,وحده,529
First Quarter,Units,First Quarter,Number,عدد,2018,7474,Sales,المبايعات,1,وحده,530
First Quarter,Building,First Quarter,Value,قيمة,2018,1061338773,Sales,المبايعات,1,مبنى,531
First Quarter,Building,First Quarter,Number,عدد,2018,434,Sales,المبايعات,1,مبنى,532
First Quarter,Land,First Quarter,Value,قيمة,2018,8635664794,Sales,المبايعات,1,أرض,533
First Quarter,Land,First Quarter,Number,عدد,2018,1184,Sales,المبايعات,1,أرض,534
First Quarter,Units,First Quarter,Value,قيمة,2018,2680576376,Mortgages,الرهون,1,وحده,535
First Quarter,Units,First Quarter,Number,عدد,2018,2018,Mortgages,الرهون,1,وحده,536
First Quarter,Building,First Quarter,Value,قيمة,2018,1351371686,Mortgages,الرهون,1,مبنى,537
First Quarter,Building,First Quarter,Number,عدد,2018,300,Mortgages,الرهون,1,مبنى,538
First Quarter,Land,First Quarter,Value,قيمة,2018,26665497090,Mortgages,الرهون,1,أرض,539
First Quarter,Land,First Quarter,Number,عدد,2018,1399,Mortgages,الرهون,1,أرض,540
First Quarter,Units,First Quarter,Value,قيمة,2018,887725609,Other,أخرى,1,وحده,541
First Quarter,Units,First Quarter,Number,عدد,2018,682,Other,أخرى,1,وحده,542
First Quarter,Building,First Quarter,Value,قيمة,2018,712068891,Other,أخرى,1,مبنى,543
First Quarter,Building,First Quarter,Number,عدد,2018,41,Other,أخرى,1,مبنى,544
First Quarter,Land,First Quarter,Value,قيمة,2018,6808124041,Other,أخرى,1,أرض,545
First Quarter,Land,First Quarter,Number,عدد,2018,227,Other,أخرى,1,أرض,546
Second Quarter,Units,Second Quarter,Value,قيمة,2018,9224654939,Sales,المبايعات,2,وحده,547
Second Quarter,Units,Second Quarter,Number,عدد,2018,7225,Sales,المبايعات,2,وحده,548
Second Quarter,Building,Second Quarter,Value,قيمة,2018,2292934807,Sales,المبايعات,2,مبنى,549
Second Quarter,Building,Second Quarter,Number,عدد,2018,696,Sales,المبايعات,2,مبنى,550
Second Quarter,Land,Second Quarter,Value,قيمة,2018,9415095556,Sales,المبايعات,2,أرض,551
Second Quarter,Land,Second Quarter,Number,عدد,2018,1192,Sales,المبايعات,2,أرض,552
Second Quarter,Units,Second Quarter,Value,قيمة,2018,2975625783,Mortgages,الرهون,2,وحده,553
Second Quarter,Units,Second Quarter,Number,عدد,2018,2212,Mortgages,الرهون,2,وحده,554
Second Quarter,Building,Second Quarter,Value,قيمة,2018,1358805653,Mortgages,الرهون,2,مبنى,555
Second Quarter,Building,Second Quarter,Number,عدد,2018,402,Mortgages,الرهون,2,مبنى,556
Second Quarter,Land,Second Quarter,Value,قيمة,2018,23033952574,Mortgages,الرهون,2,أرض,557
Second Quarter,Land,Second Quarter,Number,عدد,2018,1332,Mortgages,الرهون,2,أرض,558
Second Quarter,Units,Second Quarter,Value,قيمة,2018,591331732,Other,أخرى,2,وحده,559
Second Quarter,Units,Second Quarter,Number,عدد,2018,575,Other,أخرى,2,وحده,560
Second Quarter,Building,Second Quarter,Value,قيمة,2018,34750127,Other,أخرى,2,مبنى,561
Second Quarter,Building,Second Quarter,Number,عدد,2018,21,Other,أخرى,2,مبنى,562
Second Quarter,Land,Second Quarter,Value,قيمة,2018,4450827585,Other,أخرى,2,أرض,563
Second Quarter,Land,Second Quarter,Number,عدد,2018,237,Other,أخرى,2,أرض,564
Third Quarter,Units,Third Quarter,Value,قيمة,2018,6770736117,Sales,المبايعات,3,وحده,565
Third Quarter,Units,Third Quarter,Number,عدد,2018,5390,Sales,المبايعات,3,وحده,566
Third Quarter,Building,Third Quarter,Value,قيمة,2018,1226178553,Sales,المبايعات,3,مبنى,567
Third Quarter,Building,Third Quarter,Number,عدد,2018,627,Sales,المبايعات,3,مبنى,568
Third Quarter,Land,Third Quarter,Value,قيمة,2018,8649253327,Sales,المبايعات,3,أرض,569
Third Quarter,Land,Third Quarter,Number,عدد,2018,1270,Sales,المبايعات,3,أرض,570
Third Quarter,Units,Third Quarter,Value,قيمة,2018,2150873787,Mortgages,الرهون,3,وحده,571
Third Quarter,Units,Third Quarter,Number,عدد,2018,1475,Mortgages,الرهون,3,وحده,572
Third Quarter,Building,Third Quarter,Value,قيمة,2018,532669921,Mortgages,الرهون,3,مبنى,573
Third Quarter,Building,Third Quarter,Number,عدد,2018,309,Mortgages,الرهون,3,مبنى,574
Third Quarter,Land,Third Quarter,Value,قيمة,2018,25938941462,Mortgages,الرهون,3,أرض,575
Third Quarter,Land,Third Quarter,Number,عدد,2018,1396,Mortgages,الرهون,3,أرض,576
Third Quarter,Units,Third Quarter,Value,قيمة,2018,1071735104,Other,أخرى,3,وحده,577
Third Quarter,Units,Third Quarter,Number,عدد,2018,657,Other,أخرى,3,وحده,578
Third Quarter,Building,Third Quarter,Value,قيمة,2018,60270174,Other,أخرى,3,مبنى,579
Third Quarter,Building,Third Quarter,Number,عدد,2018,28,Other,أخرى,3,مبنى,580
Third Quarter,Land,Third Quarter,Value,قيمة,2018,4703058647,Other,أخرى,3,أرض,581
Third Quarter,Land,Third Quarter,Number,عدد,2018,1018,Other,أخرى,3,أرض,582
Fourth Quarter,Units,Fourth Quarter,Value,قيمة,2018,8088074770,Sales,المبايعات,4,وحده,583
Fourth Quarter,Units,Fourth Quarter,Number,عدد,2018,6642,Sales,المبايعات,4,وحده,584
Fourth Quarter,Building,Fourth Quarter,Value,قيمة,2018,1332737443,Sales,المبايعات,4,مبنى,585
Fourth Quarter,Building,Fourth Quarter,Number,عدد,2018,694,Sales,المبايعات,4,مبنى,586
Fourth Quarter,Land,Fourth Quarter,Value,قيمة,2018,8801697157,Sales,المبايعات,4,أرض,587
Fourth Quarter,Land,Fourth Quarter,Number,عدد,2018,1431,Sales,المبايعات,4,أرض,588
Fourth Quarter,Units,Fourth Quarter,Value,قيمة,2018,2294673138,Mortgages,الرهون,4,وحده,589
Fourth Quarter,Units,Fourth Quarter,Number,عدد,2018,1631,Mortgages,الرهون,4,وحده,590
Fourth Quarter,Building,Fourth Quarter,Value,قيمة,2018,411493569,Mortgages,الرهون,4,مبنى,591
Fourth Quarter,Building,Fourth Quarter,Number,عدد,2018,288,Mortgages,الرهون,4,مبنى,592
Fourth Quarter,Land,Fourth Quarter,Value,قيمة,2018,30505781013,Mortgages,الرهون,4,أرض,593
Fourth Quarter,Land,Fourth Quarter,Number,عدد,2018,1421,Mortgages,الرهون,4,أرض,594
Fourth Quarter,Units,Fourth Quarter,Value,قيمة,2018,1301174054,Other,أخرى,4,وحده,595
Fourth Quarter,Units,Fourth Quarter,Number,عدد,2018,924,Other,أخرى,4,وحده,596
Fourth Quarter,Building,Fourth Quarter,Value,قيمة,2018,507550000,Other,أخرى,4,مبنى,597
Fourth Quarter,Building,Fourth Quarter,Number,عدد,2018,200,Other,أخرى,4,مبنى,598
Fourth Quarter,Land,Fourth Quarter,Value,قيمة,2018,7839021488,Other,أخرى,4,أرض,599
Fourth Quarter,Land,Fourth Quarter,Number,عدد,2018,501,Other,أخرى,4,أرض,600
First Quarter,Units,First Quarter,Value,قيمة,2017,14556749479,Sales,المبايعات,1,وحده,601
First Quarter,Units,First Quarter,Number,عدد,2017,10276,Sales,المبايعات,1,وحده,602
First Quarter,Building,First Quarter,Value,قيمة,2017,4697882276,Sales,المبايعات,1,مبنى,603
First Quarter,Building,First Quarter,Number,عدد,2017,1997,Sales,المبايعات,1,مبنى,604
First Quarter,Land,First Quarter,Value,قيمة,2017,18621387741,Sales,المبايعات,1,أرض,605
First Quarter,Land,First Quarter,Number,عدد,2017,2848,Sales,المبايعات,1,أرض,606
First Quarter,Units,First Quarter,Value,قيمة,2017,2996649511,Mortgages,الرهون,1,وحده,607
First Quarter,Units,First Quarter,Number,عدد,2017,2260,Mortgages,الرهون,1,وحده,608
First Quarter,Building,First Quarter,Value,قيمة,2017,1253348833,Mortgages,الرهون,1,مبنى,609
First Quarter,Building,First Quarter,Number,عدد,2017,441,Mortgages,الرهون,1,مبنى,610
First Quarter,Land,First Quarter,Value,قيمة,2017,32957212757,Mortgages,الرهون,1,أرض,611
First Quarter,Land,First Quarter,Number,عدد,2017,1369,Mortgages,الرهون,1,أرض,612
First Quarter,Units,First Quarter,Value,قيمة,2017,1044836725,Other,أخرى,1,وحده,613
First Quarter,Units,First Quarter,Number,عدد,2017,815,Other,أخرى,1,وحده,614
First Quarter,Building,First Quarter,Value,قيمة,2017,70266776,Other,أخرى,1,مبنى,615
First Quarter,Building,First Quarter,Number,عدد,2017,28,Other,أخرى,1,مبنى,616
First Quarter,Land,First Quarter,Value,قيمة,2017,5076461679,Other,أخرى,1,أرض,617
First Quarter,Land,First Quarter,Number,عدد,2017,234,Other,أخرى,1,أرض,618
Second Quarter,Units,Second Quarter,Value,قيمة,2017,9555681434,Sales,المبايعات,2,وحده,619
Second Quarter,Units,Second Quarter,Number,عدد,2017,7660,Sales,المبايعات,2,وحده,620
Second Quarter,Building,Second Quarter,Value,قيمة,2017,2229162901,Sales,المبايعات,2,مبنى,621
Second Quarter,Building,Second Quarter,Number,عدد,2017,907,Sales,المبايعات,2,مبنى,622
Second Quarter,Land,Second Quarter,Value,قيمة,2017,13030807010,Sales,المبايعات,2,أرض,623
Second Quarter,Land,Second Quarter,Number,عدد,2017,2140,Sales,المبايعات,2,أرض,624
Second Quarter,Units,Second Quarter,Value,قيمة,2017,2753347961,Mortgages,الرهون,2,وحده,625
Second Quarter,Units,Second Quarter,Number,عدد,2017,2097,Mortgages,الرهون,2,وحده,626
Second Quarter,Building,Second Quarter,Value,قيمة,2017,1250665005,Mortgages,الرهون,2,مبنى,627
Second Quarter,Building,Second Quarter,Number,عدد,2017,472,Mortgages,الرهون,2,مبنى,628
Second Quarter,Land,Second Quarter,Value,قيمة,2017,24906273752,Mortgages,الرهون,2,أرض,629
Second Quarter,Land,Second Quarter,Number,عدد,2017,1253,Mortgages,الرهون,2,أرض,630
Second Quarter,Units,Second Quarter,Value,قيمة,2017,618729173,Other,أخرى,2,وحده,631
Second Quarter,Units,Second Quarter,Number,عدد,2017,520,Other,أخرى,2,وحده,632
Second Quarter,Building,Second Quarter,Value,قيمة,2017,26719908,Other,أخرى,2,مبنى,633
Second Quarter,Building,Second Quarter,Number,عدد,2017,15,Other,أخرى,2,مبنى,634
Second Quarter,Land,Second Quarter,Value,قيمة,2017,2257815741,Other,أخرى,2,أرض,635
Second Quarter,Land,Second Quarter,Number,عدد,2017,198,Other,أخرى,2,أرض,636
Third Quarter,Units,Third Quarter,Value,قيمة,2017,12789784042,Sales,المبايعات,3,وحده,637
Third Quarter,Units,Third Quarter,Number,عدد,2017,9391,Sales,المبايعات,3,وحده,638
Third Quarter,Building,Third Quarter,Value,قيمة,2017,1866854388,Sales,المبايعات,3,مبنى,639
Third Quarter,Building,Third Quarter,Number,عدد,2017,795,Sales,المبايعات,3,مبنى,640
Third Quarter,Land,Third Quarter,Value,قيمة,2017,10853043033,Sales,المبايعات,3,أرض,641
Third Quarter,Land,Third Quarter,Number,عدد,2017,1618,Sales,المبايعات,3,أرض,642
Third Quarter,Units,Third Quarter,Value,قيمة,2017,3149067813,Mortgages,الرهون,3,وحده,643
Third Quarter,Units,Third Quarter,Number,عدد,2017,2141,Mortgages,الرهون,3,وحده,644
Third Quarter,Building,Third Quarter,Value,قيمة,2017,1237779721,Mortgages,الرهون,3,مبنى,645
Third Quarter,Building,Third Quarter,Number,عدد,2017,325,Mortgages,الرهون,3,مبنى,646
Third Quarter,Land,Third Quarter,Value,قيمة,2017,31728689879,Mortgages,الرهون,3,أرض,647
Third Quarter,Land,Third Quarter,Number,عدد,2017,1341,Mortgages,الرهون,3,أرض,648
Third Quarter,Units,Third Quarter,Value,قيمة,2017,1302721430,Other,أخرى,3,وحده,649
Third Quarter,Units,Third Quarter,Number,عدد,2017,825,Other,أخرى,3,وحده,650
Third Quarter,Building,Third Quarter,Value,قيمة,2017,71466000,Other,أخرى,3,مبنى,651
Third Quarter,Building,Third Quarter,Number,عدد,2017,31,Other,أخرى,3,مبنى,652
Third Quarter,Land,Third Quarter,Value,قيمة,2017,3972126008,Other,أخرى,3,أرض,653
Third Quarter,Land,Third Quarter,Number,عدد,2017,171,Other,أخرى,3,أرض,654
Fourth Quarter,Units,Fourth Quarter,Value,قيمة,2017,11481220806,Sales,المبايعات,4,وحده,655
Fourth Quarter,Units,Fourth Quarter,Number,عدد,2017,9158,Sales,المبايعات,4,وحده,656
Fourth Quarter,Building,Fourth Quarter,Value,قيمة,2017,1456710030,Sales,المبايعات,4,مبنى,657
Fourth Quarter,Building,Fourth Quarter,Number,عدد,2017,658,Sales,المبايعات,4,مبنى,658
Fourth Quarter,Land,Fourth Quarter,Value,قيمة,2017,13125498141,Sales,المبايعات,4,أرض,659
Fourth Quarter,Land,Fourth Quarter,Number,عدد,2017,1831,Sales,المبايعات,4,أرض,660
Fourth Quarter,Units,Fourth Quarter,Value,قيمة,2017,3204863486,Mortgages,الرهون,4,وحده,661
Fourth Quarter,Units,Fourth Quarter,Number,عدد,2017,2127,Mortgages,الرهون,4,وحده,662
Fourth Quarter,Building,Fourth Quarter,Value,قيمة,2017,919907114,Mortgages,الرهون,4,مبنى,663
Fourth Quarter,Building,Fourth Quarter,Number,عدد,2017,368,Mortgages,الرهون,4,مبنى,664
Fourth Quarter,Land,Fourth Quarter,Value,قيمة,2017,30997461296,Mortgages,الرهون,4,أرض,665
Fourth Quarter,Land,Fourth Quarter,Number,عدد,2017,1472,Mortgages,الرهون,4,أرض,666
Fourth Quarter,Units,Fourth Quarter,Value,قيمة,2017,985421448,Other,أخرى,4,وحده,667
Fourth Quarter,Units,Fourth Quarter,Number,عدد,2017,729,Other,أخرى,4,وحده,668
Fourth Quarter,Building,Fourth Quarter,Value,قيمة,2017,46432342,Other,أخرى,4,مبنى,669
Fourth Quarter,Building,Fourth Quarter,Number,عدد,2017,18,Other,أخرى,4,مبنى,670
Fourth Quarter,Land,Fourth Quarter,Value,قيمة,2017,17429464585,Other,أخرى,4,أرض,671
Fourth Quarter,Land,Fourth Quarter,Number,عدد,2017,515,Other,أخرى,4,أرض,672
First Quarter,Units,First Quarter,Value,قيمة,2016,7392134181,Sales,المبايعات,1,وحده,673
First Quarter,Units,First Quarter,Number,عدد,2016,5664,Sales,المبايعات,1,وحده,674
First Quarter,Building,First Quarter,Value,قيمة,2016,985564051,Sales,المبايعات,1,مبنى,675
First Quarter,Building,First Quarter,Number,عدد,2016,363,Sales,المبايعات,1,مبنى,676
First Quarter,Land,First Quarter,Value,قيمة,2016,13001259723,Sales,المبايعات,1,أرض,677
First Quarter,Land,First Quarter,Number,عدد,2016,2344,Sales,المبايعات,1,أرض,678
First Quarter,Units,First Quarter,Value,قيمة,2016,2676484262,Mortgages,الرهون,1,وحده,679
First Quarter,Units,First Quarter,Number,عدد,2016,2094,Mortgages,الرهون,1,وحده,680
First Quarter,Building,First Quarter,Value,قيمة,2016,590510825,Mortgages,الرهون,1,مبنى,681
First Quarter,Building,First Quarter,Number,عدد,2016,256,Mortgages,الرهون,1,مبنى,682
First Quarter,Land,First Quarter,Value,قيمة,2016,23016071836,Mortgages,الرهون,1,أرض,683
First Quarter,Land,First Quarter,Number,عدد,2016,1192,Mortgages,الرهون,1,أرض,684
First Quarter,Units,First Quarter,Value,قيمة,2016,748305986,Other,أخرى,1,وحده,685
First Quarter,Units,First Quarter,Number,عدد,2016,750,Other,أخرى,1,وحده,686
First Quarter,Building,First Quarter,Value,قيمة,2016,82481178,Other,أخرى,1,مبنى,687
First Quarter,Building,First Quarter,Number,عدد,2016,27,Other,أخرى,1,مبنى,688
First Quarter,Land,First Quarter,Value,قيمة,2016,7483181788,Other,أخرى,1,أرض,689
First Quarter,Land,First Quarter,Number,عدد,2016,199,Other,أخرى,1,أرض,690
Second Quarter,Units,Second Quarter,Value,قيمة,2016,11520116943,Sales,المبايعات,2,وحده,691
Second Quarter,Units,Second Quarter,Number,عدد,2016,8720,Sales,المبايعات,2,وحده,692
Second Quarter,Building,Second Quarter,Value,قيمة,2016,1951471941,Sales,المبايعات,2,مبنى,693
Second Quarter,Building,Second Quarter,Number,عدد,2016,787,Sales,المبايعات,2,مبنى,694
Second Quarter,Land,Second Quarter,Value,قيمة,2016,14767977606,Sales,المبايعات,2,أرض,695
Second Quarter,Land,Second Quarter,Number,عدد,2016,2464,Sales,المبايعات,2,أرض,696
Second Quarter,Units,Second Quarter,Value,قيمة,2016,2810571697,Mortgages,الرهون,2,وحده,697
Second Quarter,Units,Second Quarter,Number,عدد,2016,1969,Mortgages,الرهون,2,وحده,698
Second Quarter,Building,Second Quarter,Value,قيمة,2016,955886544,Mortgages,الرهون,2,مبنى,699
Second Quarter,Building,Second Quarter,Number,عدد,2016,325,Mortgages,الرهون,2,مبنى,700
Second Quarter,Land,Second Quarter,Value,قيمة,2016,31161079729,Mortgages,الرهون,2,أرض,701
Second Quarter,Land,Second Quarter,Number,عدد,2016,1414,Mortgages,الرهون,2,أرض,702
Second Quarter,Units,Second Quarter,Value,قيمة,2016,1124982839,Other,أخرى,2,وحده,703
Second Quarter,Units,Second Quarter,Number,عدد,2016,1042,Other,أخرى,2,وحده,704
Second Quarter,Building,Second Quarter,Value,قيمة,2016,86285354,Other,أخرى,2,مبنى,705
Second Quarter,Building,Second Quarter,Number,عدد,2016,35,Other,أخرى,2,مبنى,706
Second Quarter,Land,Second Quarter,Value,قيمة,2016,7098662210,Other,أخرى,2,أرض,707
Second Quarter,Land,Second Quarter,Number,عدد,2016,223,Other,أخرى,2,أرض,708
Third Quarter,Units,Third Quarter,Value,قيمة,2016,11720299097,Sales,المبايعات,3,وحده,709
Third Quarter,Units,Third Quarter,Number,عدد,2016,7225,Sales,المبايعات,3,وحده,710
Third Quarter,Building,Third Quarter,Value,قيمة,2016,2267650920,Sales,المبايعات,3,مبنى,711
Third Quarter,Building,Third Quarter,Number,عدد,2016,667,Sales,المبايعات,3,مبنى,712
Third Quarter,Land,Third Quarter,Value,قيمة,2016,12294855063,Sales,المبايعات,3,أرض,713
Third Quarter,Land,Third Quarter,Number,عدد,2016,1883,Sales,المبايعات,3,أرض,714
Third Quarter,Units,Third Quarter,Value,قيمة,2016,2484974505,Mortgages,الرهون,3,وحده,715
Third Quarter,Units,Third Quarter,Number,عدد,2016,1895,Mortgages,الرهون,3,وحده,716
Third Quarter,Building,Third Quarter,Value,قيمة,2016,1239833452,Mortgages,الرهون,3,مبنى,717
Third Quarter,Building,Third Quarter,Number,عدد,2016,330,Mortgages,الرهون,3,مبنى,718
Third Quarter,Land,Third Quarter,Value,قيمة,2016,18414896348,Mortgages,الرهون,3,أرض,719
Third Quarter,Land,Third Quarter,Number,عدد,2016,1157,Mortgages,الرهون,3,أرض,720
Third Quarter,Units,Third Quarter,Value,قيمة,2016,573527153,Other,أخرى,3,وحده,721
Third Quarter,Units,Third Quarter,Number,عدد,2016,545,Other,أخرى,3,وحده,722
Third Quarter,Building,Third Quarter,Value,قيمة,2016,165113127,Other,أخرى,3,مبنى,723
Third Quarter,Building,Third Quarter,Number,عدد,2016,21,Other,أخرى,3,مبنى,724
Third Quarter,Land,Third Quarter,Value,قيمة,2016,4767806661,Other,أخرى,3,أرض,725
Third Quarter,Land,Third Quarter,Number,عدد,2016,211,Other,أخرى,3,أرض,726
Fourth Quarter,Units,Fourth Quarter,Value,قيمة,2016,10065084671,Sales,المبايعات,4,وحده,727
Fourth Quarter,Units,Fourth Quarter,Number,عدد,2016,7485,Sales,المبايعات,4,وحده,728
Fourth Quarter,Building,Fourth Quarter,Value,قيمة,2016,1813751289,Sales,المبايعات,4,مبنى,729
Fourth Quarter,Building,Fourth Quarter,Number,عدد,2016,768,Sales,المبايعات,4,مبنى,730
Fourth Quarter,Land,Fourth Quarter,Value,قيمة,2016,15102017472,Sales,المبايعات,4,أرض,731
Fourth Quarter,Land,Fourth Quarter,Number,عدد,2016,3191,Sales,المبايعات,4,أرض,732
Fourth Quarter,Units,Fourth Quarter,Value,قيمة,2016,2840964145,Mortgages,الرهون,4,وحده,733
Fourth Quarter,Units,Fourth Quarter,Number,عدد,2016,2064,Mortgages,الرهون,4,وحده,734
Fourth Quarter,Building,Fourth Quarter,Value,قيمة,2016,787390128,Mortgages,الرهون,4,مبنى,735
Fourth Quarter,Building,Fourth Quarter,Number,عدد,2016,449,Mortgages,الرهون,4,مبنى,736
Fourth Quarter,Land,Fourth Quarter,Value,قيمة,2016,51504997252,Mortgages,الرهون,4,أرض,737
Fourth Quarter,Land,Fourth Quarter,Number,عدد,2016,1385,Mortgages,الرهون,4,أرض,738
Fourth Quarter,Units,Fourth Quarter,Value,قيمة,2016,888762500,Other,أخرى,4,وحده,739
Fourth Quarter,Units,Fourth Quarter,Number,عدد,2016,815,Other,أخرى,4,وحده,740
Fourth Quarter,Building,Fourth Quarter,Value,قيمة,2016,433407662,Other,أخرى,4,مبنى,741
Fourth Quarter,Building,Fourth Quarter,Number,عدد,2016,58,Other,أخرى,4,مبنى,742
Fourth Quarter,Land,Fourth Quarter,Value,قيمة,2016,3891961456,Other,أخرى,4,أرض,743
Fourth Quarter,Land,Fourth Quarter,Number,عدد,2016,324,Other,أخرى,4,أرض,744
